supplier,country,shipment_count,total_shipment_volume,average_delay,average_reliability,total_freight_cost,total_revenue_impact
SUP006,UAE,1,13076,8.00,0.59,336955.61,594390.96
SUP003,UAE,1,14360,9.00,0.55,345100.77,792229.65
SUP026,Oman,2,2766,11.50,0.74,209303.19,564504.40
SUP019,Qatar,1,7296,10.00,0.73,242568.99,392469.69
SUP029,Iraq,2,11445,7.00,0.64,359594.47,596099.16
SUP007,Saudi Arabia,2,14635,9.00,0.73,414419.13,823607.69
SUP024,Oman,4,45551,8.50,0.86,1106147.18,3283392.56
SUP017,UAE,1,9783,30.00,0.85,239304.42,992234.93
SUP019,India,3,26088,14.67,0.74,680326.97,2280396.29
SUP034,Germany,1,655,25.00,0.98,60127.69,598684.10
SUP035,Germany,3,23535,9.67,0.78,726027.22,1646906.07
SUP025,UAE,1,8068,24.00,0.84,282632.08,947488.83
SUP003,China,1,4190,8.00,0.65,143964.95,173010.27
SUP026,UAE,1,14335,25.00,0.78,319702.74,1298453.67
SUP044,Iraq,3,25078,22.67,0.75,718503.00,2753993.55
SUP025,Qatar,1,13416,10.00,0.91,335453.18,828709.91
SUP036,Kuwait,1,12785,6.00,0.76,319892.83,694694.81
SUP033,Oman,2,16205,19.00,0.75,386355.39,1546849.42
SUP036,Oman,2,19360,16.50,0.69,483787.77,1817982.89
SUP048,UAE,3,19324,11.67,0.72,566615.90,1619249.19
SUP040,UAE,1,1072,9.00,0.81,111066.39,307207.88
SUP021,China,2,14414,11.00,0.75,334182.24,1019652.46
SUP039,Oman,2,16770,8.00,0.85,472527.56,1014983.09
SUP038,Iraq,1,7316,14.00,0.90,221350.02,781073.99
SUP007,Oman,2,14708,9.00,0.83,434416.53,785607.97
SUP005,Germany,3,11767,8.67,0.69,433463.74,1173829.59
SUP014,India,1,4470,17.00,0.94,200747.30,541409.97
SUP035,Qatar,1,1489,8.00,0.70,133156.28,159537.89
SUP022,Qatar,2,8714,25.50,0.69,318560.87,1132307.03
SUP048,Iraq,1,10158,9.00,0.90,271368.91,734959.89
SUP032,China,5,46264,6.80,0.79,1176123.73,3169195.72
SUP037,Oman,5,47761,11.20,0.71,1204060.61,3645942.57
SUP015,Qatar,2,7802,8.50,0.73,223518.77,799880.22
SUP026,Germany,2,10781,8.50,0.71,300187.93,776305.85
SUP004,Germany,1,8865,22.00,0.84,183558.96,845122.93
SUP046,India,2,8013,10.00,0.92,314194.55,920942.77
SUP032,Kuwait,3,26627,8.67,0.62,728778.50,1953549.45
SUP009,Iraq,2,21298,3.50,0.99,496830.70,1223766.81
SUP029,Kuwait,1,13607,5.00,0.85,313742.19,889479.90
SUP038,Germany,1,13057,20.00,0.56,400090.59,1023763.48
SUP044,Singapore,1,597,9.00,0.70,123645.82,255705.50
SUP048,Kuwait,3,33544,23.00,0.83,797958.31,2859250.28
SUP013,Qatar,1,10286,1.00,0.70,224822.38,517101.35
SUP007,Iraq,2,15511,9.50,0.73,360913.69,1115882.14
SUP035,Saudi Arabia,2,12763,3.00,0.72,364816.69,732533.00
SUP025,Saudi Arabia,2,10582,8.50,0.79,300655.56,1131789.70
SUP009,Saudi Arabia,1,4250,27.00,0.82,166269.20,674141.49
SUP046,Iraq,2,7153,12.50,0.57,302863.65,967660.59
SUP017,Singapore,2,14269,11.50,0.60,324098.65,949033.97
SUP041,Singapore,2,7059,15.00,0.79,401988.99,995075.13
SUP025,India,1,4328,5.00,0.90,191740.28,397599.56
SUP027,Iraq,1,10473,7.00,0.82,233067.83,548008.84
SUP019,Germany,3,39551,12.67,0.61,880304.12,2629103.24
SUP050,Iraq,3,25130,4.33,0.69,553148.20,1716226.49
SUP032,Germany,1,11690,24.00,0.95,257323.46,1120124.22
SUP039,Kuwait,1,10765,5.00,0.64,296281.41,672855.23
SUP022,Kuwait,2,15333,21.50,0.84,369805.54,1727886.12
SUP023,UAE,3,12809,9.67,0.71,400200.10,1210403.93
SUP045,Germany,4,29373,11.00,0.65,808718.29,2271504.69
SUP039,Saudi Arabia,3,30231,9.33,0.77,819419.68,2099538.77
SUP014,Saudi Arabia,3,21132,14.00,0.64,570202.07,1918083.21
SUP030,Saudi Arabia,1,2017,11.00,0.61,131028.88,458483.42
SUP034,India,1,2605,9.00,0.72,105531.14,284273.83
SUP026,China,2,15199,5.00,0.81,433347.25,1216990.34
SUP009,Qatar,2,3747,16.50,0.89,227931.30,881840.23
SUP032,UAE,1,6306,3.00,0.73,207642.81,427359.89
SUP040,Saudi Arabia,2,21053,8.50,0.69,520534.98,1490991.46
SUP042,Oman,1,11746,7.00,0.69,229378.53,581011.61
SUP028,Oman,1,959,20.00,0.55,54425.14,352507.69
SUP043,Qatar,1,10588,13.00,0.82,195736.12,916770.53
SUP019,Kuwait,1,9531,4.00,0.53,157800.79,517274.94
SUP026,Saudi Arabia,3,24521,11.67,0.73,672829.91,2154978.22
SUP020,Kuwait,1,6425,14.00,0.77,223680.24,550659.71
SUP002,Kuwait,2,4121,12.50,0.83,220777.00,706717.15
SUP016,Germany,5,50345,15.00,0.81,1355313.09,3915381.69
SUP049,Iraq,2,10950,7.50,0.67,368694.93,1027978.77
SUP035,Oman,1,13319,17.00,0.71,309429.83,1157782.28
SUP011,China,1,6615,13.00,0.56,170012.60,609413.27
SUP024,India,1,6799,25.00,0.73,229162.02,912093.59
SUP048,Qatar,2,17954,10.50,0.76,416750.75,1594293.39
SUP037,India,1,12828,8.00,0.72,330099.69,915271.81
SUP023,Oman,3,25387,15.33,0.81,770105.78,2222813.68
SUP028,China,3,28346,6.67,0.86,763102.87,1909488.92
SUP001,China,2,12232,11.00,0.75,414495.74,1134024.97
SUP008,UAE,3,14225,15.67,0.64,429368.78,1759001.90
SUP037,UAE,1,11696,14.00,0.81,265428.85,906324.52
SUP038,India,1,12964,8.00,0.62,286268.62,771808.84
SUP016,China,2,7623,7.50,0.79,320138.25,810655.11
SUP014,Iraq,2,18896,12.00,0.68,457388.40,1485671.42
SUP044,Qatar,1,12141,6.00,0.51,256288.05,730930.90
SUP001,Saudi Arabia,3,23905,8.67,0.63,721748.39,1656595.86
SUP046,Qatar,1,10277,5.00,0.74,257164.19,541835.74
SUP045,China,1,13566,20.00,0.88,323481.59,1139959.54
SUP031,Kuwait,1,12698,9.00,0.89,313399.24,691999.71
SUP021,UAE,1,11740,15.00,0.63,283861.09,858361.73
SUP029,UAE,1,506,13.00,0.71,66527.14,200573.07
SUP018,Iraq,1,10141,26.00,0.55,241605.21,967310.29
SUP040,Kuwait,2,17184,15.50,0.65,462973.40,1641552.60
SUP022,Oman,2,6805,21.00,0.74,325690.34,991460.25
SUP037,Kuwait,2,15606,22.50,0.73,360117.64,1491514.14
SUP023,Iraq,1,10683,2.00,0.88,244766.78,581550.40
SUP022,China,2,24653,13.50,0.61,638728.20,2060470.71
SUP030,China,3,25513,11.33,0.71,672406.04,1963509.75
SUP022,Saudi Arabia,2,18816,10.00,0.68,570063.64,1259390.81
SUP047,Oman,2,7734,8.50,0.68,281792.45,686964.76
SUP033,Kuwait,4,26735,14.25,0.93,829149.87,2424968.06
SUP045,Singapore,1,14191,21.00,0.75,328942.14,934508.78
SUP018,Saudi Arabia,1,8380,6.00,0.64,170390.87,664918.13
SUP046,Singapore,2,11919,12.50,0.67,335403.56,1114169.25
SUP029,Germany,3,19185,13.33,0.82,480793.47,1877549.92
SUP042,China,1,842,16.00,0.55,83302.15,539926.92
SUP012,Oman,3,9513,11.00,0.79,295634.62,1353271.66
SUP018,Qatar,3,21105,19.00,0.63,680340.08,2345109.03
SUP036,India,2,15047,7.00,0.66,434440.79,849701.63
SUP014,Germany,2,14653,12.00,0.77,413151.99,1299705.96
SUP005,India,4,29699,20.25,0.88,843266.53,3260086.30
SUP040,Germany,1,6274,4.00,0.67,190841.78,474472.57
SUP038,Kuwait,1,8111,6.00,0.67,217469.22,660844.20
SUP013,Oman,1,4240,31.00,0.52,154336.53,1079395.88
SUP017,China,4,13876,21.25,0.64,489746.27,2728608.50
SUP027,Saudi Arabia,1,8044,3.00,0.61,213642.46,300048.99
SUP020,UAE,1,3490,2.00,0.71,153212.67,248634.43
SUP002,Saudi Arabia,2,8672,22.00,0.82,302487.07,1333488.68
SUP050,Saudi Arabia,1,14351,12.00,0.87,322557.00,964429.69
SUP024,Germany,2,17067,13.00,0.76,407582.99,1141830.02
SUP026,India,1,14077,32.00,0.52,312421.93,1329668.47
SUP049,Oman,4,23523,13.25,0.74,796305.16,2571303.76
SUP035,Iraq,4,35217,15.75,0.78,1035353.05,2827407.37
SUP047,Iraq,3,16213,18.00,0.77,541608.96,1460934.70
SUP039,Singapore,3,24029,9.33,0.69,608214.53,1809251.01
SUP020,Iraq,1,10930,9.00,0.58,304438.62,552948.24
SUP019,Saudi Arabia,1,6746,29.00,0.79,239270.80,947185.85
SUP036,China,1,7499,8.00,0.75,200806.42,559938.76
SUP025,Germany,1,1630,17.00,0.58,60046.34,439070.89
SUP003,Germany,2,11001,3.50,0.89,349849.52,748787.47
SUP035,India,2,7679,9.00,0.76,214251.44,576800.15
SUP028,Germany,2,11016,15.50,0.74,344874.38,1011689.74
SUP042,Iraq,4,20921,22.75,0.74,640028.55,2778658.11
SUP036,Singapore,2,11238,9.50,0.74,292026.39,816731.19
SUP026,Singapore,4,30503,12.00,0.72,897841.23,2492760.00
SUP038,Qatar,1,12139,2.00,0.61,303136.58,688371.76
SUP038,China,1,5078,3.00,0.79,177208.90,253271.40
SUP002,Qatar,1,10390,17.00,0.85,266560.41,967805.07
SUP036,Qatar,2,22276,13.50,0.82,583911.08,1490936.21
SUP015,Iraq,2,12081,9.00,0.88,430478.73,840231.48
SUP029,Qatar,1,1278,3.00,0.91,59883.17,83874.19
SUP033,Qatar,3,25326,15.67,0.75,654593.82,2334958.90
SUP038,Saudi Arabia,1,6968,27.00,0.59,217910.26,916737.80
SUP041,Iraq,2,19158,17.00,0.75,476295.14,1593493.80
SUP028,UAE,3,28534,5.00,0.76,719462.12,1806749.04
SUP028,India,4,16905,16.25,0.73,625214.82,2186492.12
SUP018,Singapore,1,8351,7.00,0.87,236982.82,846715.87
SUP012,India,1,10866,3.00,0.92,278981.48,766162.77
SUP042,India,1,1087,10.00,0.52,137074.89,186115.44
SUP017,India,1,2997,18.00,0.63,145896.30,415668.50
SUP035,Singapore,5,34362,10.60,0.64,977809.95,2641506.94
SUP009,India,1,9905,10.00,0.89,308106.78,452618.24
SUP009,UAE,3,21722,7.67,0.79,726427.76,1957998.29
SUP044,China,1,13263,8.00,0.78,248727.74,668973.21
SUP021,Singapore,1,13424,7.00,0.56,323607.59,627282.96
SUP006,Saudi Arabia,3,29869,6.00,0.69,835937.89,2190784.13
SUP003,Saudi Arabia,5,33343,12.20,0.79,1019619.42,2695681.45
SUP050,Germany,2,19933,14.50,0.56,516042.46,1347089.94
SUP033,India,2,18248,21.50,0.70,492134.72,1814800.89
SUP015,Saudi Arabia,1,13094,18.00,0.82,297718.45,1002865.84
SUP018,China,1,1448,18.00,0.78,139587.65,484334.63
SUP024,UAE,3,21045,18.67,0.71,563479.04,1983174.03
SUP001,Kuwait,2,16159,20.00,0.76,478586.03,1628696.41
SUP042,Saudi Arabia,2,15881,21.50,0.66,500918.62,1596727.95
SUP009,Germany,1,507,15.00,0.53,39899.14,384270.01
SUP003,Qatar,2,10312,8.00,0.78,425970.69,991826.87
SUP017,Germany,1,13730,17.00,0.87,322559.57,929399.32
SUP044,Oman,4,20991,9.00,0.82,610764.25,1942288.37
SUP010,Kuwait,2,26553,10.00,0.80,582964.86,1824955.82
SUP049,UAE,2,15782,11.50,0.68,456155.10,1332358.11
SUP043,Oman,1,3767,7.00,0.80,132076.35,295002.27
SUP008,China,1,10771,9.00,0.93,244794.45,862880.00
SUP045,India,1,13228,26.00,0.78,318639.24,1203197.11
SUP020,India,1,2250,11.00,0.64,236049.88,345436.77
SUP033,Saudi Arabia,4,40367,9.75,0.80,1201194.45,2759039.97
SUP044,Saudi Arabia,1,942,10.00,0.54,92720.19,389895.19
SUP010,Oman,2,14191,6.50,0.85,422449.23,837029.19
SUP027,Singapore,2,20732,10.50,0.65,457799.81,1534787.51
SUP031,Singapore,1,10091,4.00,0.81,222729.67,598209.15
SUP042,Singapore,2,11628,17.00,0.72,398105.28,1243464.07
SUP036,Saudi Arabia,2,22382,13.50,0.80,471138.84,1782976.26
SUP041,UAE,1,14021,2.00,0.79,305891.04,590248.56
SUP008,Iraq,2,27481,8.00,0.76,634194.17,1658528.49
SUP029,China,2,16105,20.50,0.74,458763.17,1784809.38
SUP004,Singapore,1,7019,21.00,0.59,197703.61,849743.13
SUP011,Qatar,2,6398,16.00,0.84,211611.76,870288.94
SUP046,Oman,1,14135,4.00,0.94,357179.32,876604.95
SUP034,Singapore,1,2262,7.00,0.57,98734.81,367736.61
SUP004,Iraq,1,14447,4.00,0.91,372837.49,812506.24
SUP013,Singapore,2,25979,11.00,0.74,595073.80,1817481.28
SUP049,Germany,1,13640,3.00,0.64,345112.20,772722.10
SUP008,India,1,10558,4.00,0.73,281948.09,681186.76
SUP039,Qatar,2,21102,6.50,0.71,540813.26,1424678.92
SUP028,Qatar,2,17420,5.50,0.88,381184.13,1177329.64
SUP047,Saudi Arabia,2,8193,7.00,0.76,309027.89,563865.52
SUP016,Singapore,1,8833,2.00,0.67,310130.89,393573.98
SUP020,China,1,7493,23.00,0.73,232983.61,717898.09
SUP047,China,1,6327,2.00,0.66,213887.33,345459.35
SUP032,Singapore,2,19209,6.50,0.92,396841.23,1198807.15
SUP037,Germany,2,22727,10.00,0.80,560726.40,1599071.09
SUP008,Oman,2,13126,19.00,0.72,277400.33,1310578.52
SUP033,Germany,1,9846,4.00,0.87,265576.97,637260.94
SUP011,UAE,2,15725,6.00,0.85,422207.69,908093.85
SUP008,Qatar,3,13468,11.33,0.66,560825.32,1493652.89
SUP041,Kuwait,4,27155,9.25,0.65,730102.98,2018235.48
SUP040,Qatar,2,16074,11.00,0.84,396817.43,1253425.89
SUP004,Qatar,1,9035,6.00,0.77,226399.91,475305.37
SUP034,UAE,1,5443,29.00,0.59,163825.32,971091.83
SUP048,China,1,14640,12.00,0.86,318741.54,1099275.75
SUP045,Oman,2,12138,9.00,0.76,348013.89,970086.83
SUP050,Qatar,1,5913,16.00,0.81,167440.58,684121.94
SUP022,Germany,2,24953,12.00,0.80,583301.65,1910324.72
SUP023,Singapore,1,4818,2.00,0.56,97295.39,204532.54
SUP001,UAE,3,11256,21.67,0.86,364391.68,1723790.54
SUP042,Germany,2,9285,9.50,0.71,292676.17,1022828.84
SUP028,Singapore,1,13717,9.00,0.50,331746.01,913775.01
SUP024,Singapore,1,8021,15.00,0.98,165314.79,803754.59
SUP032,Iraq,2,14015,6.00,0.80,460763.97,1236527.48
SUP002,Oman,5,51234,9.00,0.79,1384433.08,3404209.01
SUP018,Kuwait,1,13375,22.00,0.87,341352.12,1023104.33
SUP009,China,2,20681,6.50,0.84,421489.15,1238508.13
SUP017,Saudi Arabia,3,35802,12.00,0.80,863352.21,2465517.77
SUP041,India,1,12481,20.00,0.87,248234.53,976748.23
SUP016,Oman,1,10912,25.00,0.85,290664.14,1020243.68
SUP027,India,2,13334,21.00,0.58,393073.35,1242805.94
SUP021,Germany,1,2133,9.00,0.87,38415.24,348639.85
SUP005,Saudi Arabia,3,20763,12.00,0.76,512414.24,1426081.95
SUP008,Kuwait,2,15894,16.00,0.74,372360.92,1432483.82
SUP033,UAE,3,34127,13.33,0.74,778815.85,2343092.78
SUP021,India,1,12277,4.00,0.82,284974.42,537808.05
SUP011,Kuwait,1,3655,8.00,0.52,119211.34,309943.48
SUP014,UAE,1,8603,4.00,0.58,234351.08,654991.17
SUP023,Saudi Arabia,1,14172,27.00,0.55,315500.05,1232595.78
SUP014,China,1,9270,8.00,0.64,244113.97,643242.30
SUP024,Qatar,3,24431,7.00,0.85,607716.12,1815705.57
SUP003,Kuwait,1,11907,16.00,0.83,320786.68,1062128.33
SUP043,China,1,9111,6.00,0.64,205757.15,581091.13
SUP034,Iraq,1,1685,9.00,0.89,141845.58,228101.78
SUP010,Germany,1,11911,23.00,0.90,253773.01,741408.55
SUP001,India,1,3821,6.00,0.51,171201.70,274620.99
SUP037,Iraq,3,7373,9.33,0.84,394142.22,959775.97
SUP023,Germany,1,11672,13.00,0.74,255066.34,881421.22
SUP030,Oman,1,2287,21.00,0.59,151092.52,460938.99
SUP029,Singapore,3,23161,9.00,0.87,671299.08,1723406.45
SUP019,Singapore,3,17570,13.33,0.65,574267.05,1750249.28
SUP030,Iraq,3,31012,4.33,0.76,730290.77,1659910.36
SUP003,Oman,2,17218,18.50,0.69,441348.54,1349147.20
SUP030,Germany,1,726,4.00,0.89,101326.95,103263.87
SUP031,Saudi Arabia,1,3861,20.00,0.86,209657.96,404316.30
SUP039,India,3,26253,12.00,0.70,730249.71,2185786.48
SUP024,Saudi Arabia,2,24096,10.00,0.87,611670.76,1622786.43
SUP047,Germany,1,1227,4.00,0.82,86075.77,225204.89
SUP020,Oman,3,29984,6.33,0.77,752459.51,1845954.93
SUP009,Singapore,1,13841,6.00,0.86,317958.49,899923.43
SUP023,India,1,9991,8.00,0.83,255454.08,615327.11
SUP036,UAE,3,30589,19.33,0.72,843468.93,2932999.98
SUP007,Qatar,1,4993,31.00,0.84,163278.36,837915.08
SUP020,Germany,2,4205,15.00,0.67,145296.63,785647.70
SUP024,Kuwait,1,13380,14.00,0.53,341351.02,822747.54
SUP049,Saudi Arabia,2,19828,25.50,0.74,543091.25,2279292.97
SUP031,Qatar,1,6548,10.00,0.92,207274.55,477900.98
SUP050,India,2,18181,7.00,0.88,534279.78,1082793.11
SUP001,Iraq,1,13105,18.00,0.69,325182.75,1225454.48
SUP035,China,2,13449,15.50,0.67,405946.48,1340523.21
SUP007,UAE,2,9598,9.50,0.96,245853.54,856423.36
SUP047,UAE,1,2354,24.00,0.75,96097.14,671519.40
SUP020,Saudi Arabia,1,7288,11.00,0.92,198684.16,611366.78
SUP006,Qatar,1,9777,10.00,0.91,173186.78,669554.60
SUP031,China,1,1992,12.00,0.55,80934.44,410301.75
SUP050,Kuwait,1,5146,12.00,0.63,121865.15,473649.36
SUP045,Iraq,1,1270,6.00,0.72,106716.69,82321.88
SUP016,Saudi Arabia,2,29381,13.50,0.75,716186.79,2195276.01
SUP002,Singapore,3,22080,19.33,0.82,641044.10,2144536.52
SUP027,Kuwait,3,31712,19.67,0.77,779981.50,3024639.43
SUP044,UAE,1,11761,0.00,0.70,245686.59,488220.69
SUP001,Qatar,4,20154,4.75,0.82,677588.86,1389077.57
SUP013,Saudi Arabia,1,9842,7.00,0.84,250318.70,538947.83
SUP027,China,1,12913,7.00,0.57,261066.10,600142.13
SUP012,Singapore,3,10030,10.33,0.84,490258.89,910666.88
SUP039,UAE,1,2135,15.00,0.79,97234.94,332974.48
SUP002,China,1,2894,21.00,0.62,140231.33,587052.57
SUP011,Saudi Arabia,2,17660,16.50,0.84,432486.44,1490270.14
SUP013,UAE,2,12021,22.50,0.94,397223.60,1492463.65
SUP004,Oman,1,11632,20.00,0.95,266365.29,1224863.63
SUP004,Saudi Arabia,2,21438,5.50,0.71,511706.15,1491170.46
SUP046,China,1,3024,14.00,0.55,158779.68,436119.79
SUP032,Qatar,2,14680,4.50,0.87,439266.18,755711.74
SUP015,UAE,1,3637,22.00,0.79,87292.04,427716.32
SUP012,Germany,2,19888,11.00,0.56,517291.20,1348704.34
SUP048,Saudi Arabia,3,38828,10.33,0.74,929262.45,2366341.93
SUP013,Germany,2,20116,9.00,0.56,525679.87,1340734.67
SUP043,UAE,2,2456,8.00,0.68,130505.78,640414.49
SUP023,China,2,7362,5.00,0.67,233554.52,571897.91
SUP048,Oman,1,2613,27.00,0.73,130231.93,810760.41
SUP007,India,3,33462,16.00,0.60,879176.27,2699142.06
SUP036,Iraq,1,7480,11.00,0.63,223254.15,723336.99
SUP030,India,1,6124,1.00,0.79,181100.14,295552.25
SUP049,Singapore,1,11285,12.00,0.94,325153.92,776407.05
SUP007,China,1,12966,10.00,0.78,294190.42,874702.90
SUP049,India,4,37565,12.25,0.80,958566.82,3095099.66
SUP021,Iraq,2,10334,7.50,0.68,358550.86,975250.12
SUP044,Kuwait,1,4878,19.00,0.84,164905.54,681297.67
SUP005,Qatar,1,10987,16.00,0.53,252841.16,947268.76
SUP023,Kuwait,3,16292,10.33,0.71,472280.20,1209494.39
SUP047,Kuwait,1,14703,8.00,0.69,328742.17,928072.59
SUP011,Oman,1,11193,33.00,0.75,278948.92,1323086.01
SUP039,Iraq,3,27158,11.33,0.65,814774.58,2020515.00
SUP021,Oman,1,8375,3.00,0.56,206179.24,537459.79
SUP031,Oman,1,12630,13.00,0.99,315100.44,930527.85
SUP024,Iraq,2,23115,11.50,0.86,637109.21,1718322.43
SUP043,Germany,1,7845,8.00,0.92,240963.11,627069.58
SUP013,China,2,5144,7.00,0.90,204026.71,726721.22
SUP042,Qatar,1,14718,17.00,0.80,346009.95,974178.81
SUP008,Germany,1,9421,29.00,0.71,270467.16,1065039.34
SUP025,Kuwait,1,8289,4.00,0.68,236462.62,510633.95
SUP010,Iraq,1,9601,3.00,0.79,245569.25,334678.22
SUP043,Saudi Arabia,1,7216,5.00,0.97,144334.39,448958.49
SUP014,Kuwait,1,11705,12.00,0.89,334157.63,594685.45
SUP003,Iraq,1,11151,4.00,0.72,205521.30,656761.43
SUP034,Qatar,1,5158,17.00,0.64,179967.94,441402.36
SUP044,India,2,9253,15.00,0.86,297154.93,820787.25
SUP049,Qatar,1,12836,10.00,0.51,340403.12,947020.19
SUP019,China,1,3915,5.00,0.93,181662.02,318706.26
SUP033,Iraq,1,13049,8.00,0.93,324672.40,877275.27
SUP048,Singapore,2,14414,10.00,0.89,377990.62,1127643.04
SUP032,India,2,13659,9.50,0.91,340614.86,1316231.54
SUP010,China,2,9460,6.00,0.85,409967.94,884660.25
SUP015,India,1,10628,6.00,0.66,325874.90,778566.52
SUP039,China,3,23966,14.67,0.70,716820.64,2016057.86
SUP027,Germany,1,13608,2.00,0.65,324222.98,470964.60
SUP028,Kuwait,2,8908,17.50,0.73,228607.28,1146882.99
SUP025,Singapore,3,26133,20.00,0.72,758185.91,2488886.25
SUP016,India,1,1355,20.00,0.51,101416.27,501165.76
SUP002,UAE,1,1110,16.00,0.53,112006.72,430617.67
SUP015,Oman,2,9895,12.00,0.60,313824.69,1290247.29
SUP012,UAE,3,9448,11.67,0.61,404605.71,1326842.19
SUP030,Qatar,2,25604,12.50,0.73,593708.14,1502986.99
SUP047,Qatar,1,5487,11.00,0.94,115181.15,387372.10
SUP031,Iraq,2,15557,6.50,0.77,379193.26,1094820.38
SUP032,Saudi Arabia,1,2356,9.00,0.55,135821.10,322755.64
SUP016,Qatar,2,5767,21.00,0.83,272918.69,1160738.13
SUP006,Singapore,2,17331,5.00,0.82,436326.22,1193960.79
SUP037,China,1,9267,11.00,0.73,285541.70,747055.18
SUP037,Saudi Arabia,2,20432,14.00,0.62,459191.61,1739157.43
SUP016,UAE,1,3552,17.00,0.57,97382.69,636793.12
SUP011,Singapore,1,12239,21.00,0.63,305851.66,1109812.74
SUP022,UAE,1,8504,26.00,0.74,177923.66,830741.07
SUP035,Kuwait,1,8486,1.00,0.75,212873.37,423831.76
SUP006,Oman,3,26164,7.67,0.73,726203.79,1784974.51
SUP005,Oman,3,19277,13.33,0.80,584316.31,1532580.93
SUP049,China,3,17002,11.67,0.82,536164.57,1565460.51
SUP031,India,1,7868,16.00,0.63,200948.53,687487.48
SUP002,Germany,1,6862,7.00,0.90,161609.36,314080.38
SUP004,Kuwait,1,5608,10.00,0.87,155973.39,524395.14
SUP015,Germany,1,9677,5.00,0.51,291433.47,537206.86
SUP028,Iraq,1,10631,4.00,0.51,239812.73,815669.05
SUP004,UAE,3,29734,12.67,0.72,813526.69,2528788.50
SUP033,China,3,28958,8.33,0.75,795794.28,2320297.39
SUP012,Kuwait,4,50822,12.75,0.79,1229278.25,3374409.43
SUP021,Saudi Arabia,1,1848,3.00,0.76,147923.65,202911.06
SUP040,Iraq,5,53159,14.40,0.78,1276511.23,4146738.97
SUP035,UAE,2,12624,15.50,0.85,389512.77,1261339.68
SUP022,Iraq,2,13662,13.50,0.79,437821.98,1182818.36
SUP029,Saudi Arabia,3,21486,16.33,0.70,619563.76,2027418.93
SUP045,Qatar,5,48442,13.20,0.66,1312925.11,3747231.43
SUP026,Iraq,1,905,36.00,0.82,138277.62,827389.03
SUP044,Germany,2,19934,5.00,0.70,485402.31,1330639.77
SUP025,Oman,2,12308,10.00,0.69,349178.35,912510.05
SUP034,Oman,2,9008,12.00,0.64,303909.22,961998.26
SUP041,Qatar,2,14716,15.50,0.66,394125.72,1204405.85
SUP025,China,6,40479,13.50,0.70,1140398.96,3723238.21
SUP018,Germany,1,13055,2.00,0.98,282551.07,831959.52
SUP026,Qatar,3,34235,6.00,0.63,849597.91,2361892.21
SUP012,Iraq,1,5412,13.00,0.83,164191.39,585256.92
SUP016,Iraq,1,4330,6.00,0.52,93293.55,320789.88
SUP009,Oman,1,4025,20.00,0.74,80526.00,455470.86
SUP019,Iraq,2,14292,19.00,0.63,401655.31,1324832.57
